Gene_set	p-value	q-value
REACTOME_HEMOSTASIS	2.859274203681489e-08	9.311908326859823e-06
YOSHIMURA_MAPK8_TARGETS_UP	6.520027124809729e-05	0.0011072568302169853
LEE_BMP2_TARGETS_UP	4.9326332330794565e-06	0.0002598881134678739
PARENT_MTOR_SIGNALING_UP	1.4793983848054153e-05	0.00048496397930424624
ZWANG_TRANSIENTLY_UP_BY_2ND_EGF_PULSE_ONLY	0.0032403362366452268	0.007382712020248449
REACTOME_SIGNALING_BY_GPCR	0.0012400967289382878	0.004266945071408067
REACTOME_POST_TRANSLATIONAL_PROTEIN_MODIFICATION	0.006680549807527741	0.01221627654608652
GOZGIT_ESR1_TARGETS_DN	0.0013284299542103955	0.004497455628109893
GEORGES_TARGETS_OF_MIR192_AND_MIR215	0.0011022215199400977	0.004075319040831151
KAYO_AGING_MUSCLE_UP	4.374832187730334e-06	0.00024586556895044476
CREIGHTON_ENDOCRINE_THERAPY_RESISTANCE_3	0.0005701933297688963	0.0031416534444129386
ACEVEDO_METHYLATED_IN_LIVER_CANCER_DN	0.0017492737219939824	0.0053325919541703905
MIKKELSEN_ES_ICP_WITH_H3K4ME3	0.0003001243935779967	0.0023868383376061436
MARTENS_TRETINOIN_RESPONSE_UP	0.00033050850983038193	0.0024440234542720345
ALFANO_MYC_TARGETS	2.560125061593031e-06	0.0001541561019230661
KEGG_COMPLEMENT_AND_COAGULATION_CASCADES	2.6473276915297156e-07	3.188138919942215e-05
BIOCARTA_INTRINSIC_PATHWAY	3.075093947430497e-09	2.592304197683909e-06
REACTOME_CELL_SURFACE_INTERACTIONS_AT_THE_VASCULAR_WALL	6.7507753670908484e-06	0.0003161613130254214
REACTOME_G_ALPHA_I_SIGNALLING_EVENTS	0.0005568874345669181	0.0031242040684263846
REACTOME_FORMATION_OF_FIBRIN_CLOT_CLOTTING_CASCADE	3.3138463796654174e-08	9.311908326859823e-06
REACTOME_INNATE_IMMUNE_SYSTEM	0.010225157424377743	0.016356371363852824
REACTOME_PLATELET_ACTIVATION_SIGNALING_AND_AGGREGATION	0.00013879027685265467	0.001654366761880356
GAZDA_DIAMOND_BLACKFAN_ANEMIA_ERYTHROID_DN	0.0009409663768384326	0.003743706214352843
ZHOU_INFLAMMATORY_RESPONSE_LIVE_DN	0.00036246960224970115	0.002589507412682187
DIAZ_CHRONIC_MEYLOGENOUS_LEUKEMIA_UP	0.03063755273951971	0.03792578114451559
KINSEY_TARGETS_OF_EWSR1_FLII_FUSION_UP	0.027179729248905625	0.0343515918393215
LI_AMPLIFIED_IN_LUNG_CANCER	1.4156287215338586e-05	0.00048496397930424624
NUYTTEN_EZH2_TARGETS_DN	0.011462331323439505	0.017779121020820566
BUYTAERT_PHOTODYNAMIC_THERAPY_STRESS_DN	0.0025048712403838783	0.006458501529779681
LOPEZ_MBD_TARGETS	0.007898353530576082	0.013588391890358441
WEI_MYCN_TARGETS_WITH_E_BOX	0.004912197601970645	0.009766468345427486
LIAO_METASTASIS	0.0019249554480011656	0.0056342463075548166
HSIAO_LIVER_SPECIFIC_GENES	5.8503430429463744e-05	0.0010959642633786208
PETROVA_ENDOTHELIUM_LYMPHATIC_VS_BLOOD_DN	1.82851967842432e-05	0.0004972393835199038
BLALOCK_ALZHEIMERS_DISEASE_UP	0.06868994246640378	0.07570039211210225
CUI_TCF21_TARGETS_2_UP	0.0007304384250865045	0.003386273912299304
IVANOVA_HEMATOPOIESIS_STEM_CELL_AND_PROGENITOR	0.0023653881326225314	0.006290290838488309
MARSON_BOUND_BY_FOXP3_UNSTIMULATED	0.011473121987338538	0.017779121020820566
ACEVEDO_LIVER_CANCER_DN	0.0012896156033503532	0.004419292494407917
ACEVEDO_LIVER_TUMOR_VS_NORMAL_ADJACENT_TISSUE_UP	0.0050294904866804	0.009900085257291346
BONOME_OVARIAN_CANCER_SURVIVAL_SUBOPTIMAL_DEBULKING	0.001625236977703251	0.005055626465696829
CHEN_METABOLIC_SYNDROM_NETWORK	0.02492774311785757	0.0320825762570289
HOSHIDA_LIVER_CANCER_SUBCLASS_S3	0.00011203342831328805	0.0015482652470180627
PILON_KLF1_TARGETS_DN	0.0926908144011169	0.09853512804557572
BRUINS_UVC_RESPONSE_LATE	0.021312829709894048	0.02851859594514394
LEE_BMP2_TARGETS_DN	0.007170639660390236	0.012670193835722293
FEVR_CTNNB1_TARGETS_DN	0.0014860072787309397	0.004874335159417051
KRIEG_HYPOXIA_NOT_VIA_KDM3A	0.004768166317379924	0.009547658445489967
LIM_MAMMARY_STEM_CELL_DN	0.0005328218211208161	0.003119227744478111
NABA_MATRISOME	0.012397519425059398	0.018864817464485692
REACTOME_DISEASE	0.017095527674650904	0.02405931524162055
REACTOME_VESICLE_MEDIATED_TRANSPORT	0.00402185958023279	0.008468214040304593
KEGG_NEUROACTIVE_LIGAND_RECEPTOR_INTERACTION	0.0031408475489421994	0.0072903582006803224
KEGG_CELL_ADHESION_MOLECULES_CAMS	0.0007140792214913663	0.003386273912299304
BIOCARTA_GRANULOCYTES_PATHWAY	2.553410761948025e-07	3.188138919942215e-05
BIOCARTA_EXTRINSIC_PATHWAY	9.353610484065261e-08	1.9712734095167538e-05
BIOCARTA_MONOCYTE_PATHWAY	1.1762225258682484e-07	1.983111178613867e-05
PID_INTEGRIN1_PATHWAY	5.507289243408726e-05	0.0010551465527712629
PID_REG_GR_PATHWAY	6.567359609827907e-05	0.0011072568302169853
REACTOME_DEVELOPMENTAL_BIOLOGY	0.07287308536626973	0.07957514373544738
REACTOME_METABOLISM_OF_VITAMINS_AND_COFACTORS	0.0009248351992853039	0.0037265677931154467
REACTOME_EXTRACELLULAR_MATRIX_ORGANIZATION	0.004691410865363858	0.009473624415965066
REACTOME_GENERIC_TRANSCRIPTION_PATHWAY	0.07469891109244027	0.08135811634486712
REACTOME_MUSCLE_CONTRACTION	0.0018354220840039695	0.00546993460387115
REACTOME_G_ALPHA_Q_SIGNALLING_EVENTS	0.0017712177775942295	0.005351744037677188
REACTOME_METABOLISM_OF_RNA	0.017650692083216037	0.024711811098993116
REACTOME_GPCR_LIGAND_BINDING	0.006445666076164844	0.011838118741191641
REACTOME_ASPARAGINE_N_LINKED_GLYCOSYLATION	0.003430465407470576	0.007610216680257093
REACTOME_TRANSPORT_TO_THE_GOLGI_AND_SUBSEQUENT_MODIFICATION	0.0009279678801537173	0.0037265677931154467
LIU_SOX4_TARGETS_DN	0.0039020541212633594	0.008334313069987952
SCHUETZ_BREAST_CANCER_DUCTAL_INVASIVE_DN	0.000163357047229992	0.0016793901318888204
SENGUPTA_NASOPHARYNGEAL_CARCINOMA_DN	0.005234975715987436	0.010086929420929067
DEURIG_T_CELL_PROLYMPHOCYTIC_LEUKEMIA_UP	0.005049865552355016	0.009900085257291346
CHARAFE_BREAST_CANCER_LUMINAL_VS_BASAL_UP	0.00642361676287713	0.011832839218002985
CHARAFE_BREAST_CANCER_LUMINAL_VS_MESENCHYMAL_UP	0.007867844216882313	0.01356358420211
ROY_WOUND_BLOOD_VESSEL_DN	1.343191495099846e-06	9.435920253076418e-05
OSMAN_BLADDER_CANCER_DN	0.0064287548776338875	0.011832839218002985
GINESTIER_BREAST_CANCER_20Q13_AMPLIFICATION_DN	0.0006123722794109677	0.0032061810472708147
TAKEDA_TARGETS_OF_NUP98_HOXA9_FUSION_8D_DN	0.0014791593304636483	0.004870825451487717
MULLIGHAN_MLL_SIGNATURE_1_DN	0.0023073581497346993	0.006240046544343359
MULLIGHAN_MLL_SIGNATURE_2_DN	0.00378142660015129	0.00815434574590777
SENESE_HDAC3_TARGETS_DN	0.01693902430294173	0.0239013266563816
ZHOU_INFLAMMATORY_RESPONSE_FIMA_UP	0.017722750257561492	0.024735560376033673
WAMUNYOKOLI_OVARIAN_CANCER_LMP_UP	0.0022878346370038124	0.006240046544343359
RODRIGUES_THYROID_CARCINOMA_ANAPLASTIC_DN	0.023222209506592914	0.030210374404410222
ENK_UV_RESPONSE_EPIDERMIS_UP	0.002697217792077927	0.006707240704193784
DELYS_THYROID_CANCER_UP	0.011790225586247212	0.018203590053491574
MARKEY_RB1_ACUTE_LOF_DN	0.001207072887848274	0.004205091468609396
GRAESSMANN_APOPTOSIS_BY_SERUM_DEPRIVATION_UP	0.01619450720553927	0.023060759415995953
GRAESSMANN_APOPTOSIS_BY_DOXORUBICIN_UP	0.06009117748178898	0.06754248348953082
GRAESSMANN_RESPONSE_TO_MC_AND_DOXORUBICIN_UP	0.014801082630420145	0.021662001141396152
GAUSSMANN_MLL_AF4_FUSION_TARGETS_G_UP	0.002484421059511754	0.006458501529779681
MCBRYAN_PUBERTAL_BREAST_3_4WK_UP	0.0011968895504897	0.004205091468609396
MCBRYAN_PUBERTAL_BREAST_5_6WK_UP	0.0002659867586293794	0.0021769595876171537
HAMAI_APOPTOSIS_VIA_TRAIL_DN	0.0007569669618122451	0.003408131001750098
ROVERSI_GLIOMA_COPY_NUMBER_UP	6.269071745410284e-05	0.0011072568302169853
RASHI_RESPONSE_TO_IONIZING_RADIATION_5	0.0003987178944440589	0.002710638588841465
GRUETZMANN_PANCREATIC_CANCER_DN	0.0014223144929998582	0.004739174377861187
CEBALLOS_TARGETS_OF_TP53_AND_MYC_DN	5.881274585306799e-06	0.00029164202796550773
KIM_MYC_AMPLIFICATION_TARGETS_UP	0.0011865444820932745	0.004205091468609396
KIM_MYCN_AMPLIFICATION_TARGETS_UP	0.0001604874240926872	0.0016793901318888204
NUYTTEN_NIPP1_TARGETS_DN	0.04842579231551535	0.05599854996156302
PASQUALUCCI_LYMPHOMA_BY_GC_STAGE_UP	0.003113372411248875	0.007275023976376446
BENPORATH_NANOG_TARGETS	0.0563663599443443	0.06395268025986843
BENPORATH_SOX2_TARGETS	0.027363405308733057	0.03453196208871552
LEE_TARGETS_OF_PTCH1_AND_SUFU_DN	0.00020716914555566612	0.0019346462989249969
ROZANOV_MMP14_TARGETS_UP	0.0025129163722037193	0.006458501529779681
SHEPARD_BMYB_MORPHOLINO_DN	0.00092123695971556	0.0037265677931154467
KANNAN_TP53_TARGETS_UP	2.060683500765897e-05	0.0005264109670138338
TARTE_PLASMA_CELL_VS_PLASMABLAST_UP	0.008453923019284453	0.014112192287637215
BYSTRYKH_HEMATOPOIESIS_STEM_CELL_QTL_TRANS	0.03553441730414084	0.04316356453514515
SASAKI_ADULT_T_CELL_LEUKEMIA	0.000658421662208835	0.00330283996088346
SANSOM_APC_TARGETS_DN	0.0046974792477738996	0.009473624415965066
LENAOUR_DENDRITIC_CELL_MATURATION_UP	0.00025983659307646267	0.0021769595876171537
KAAB_HEART_ATRIUM_VS_VENTRICLE_UP	0.0031617852507236912	0.0072903582006803224
YAMAZAKI_TCEB3_TARGETS_UP	0.0008083822507214014	0.0034302564502135605
KANG_FLUOROURACIL_RESISTANCE_UP	1.042252796286678e-06	8.786191072696695e-05
ZHANG_ANTIVIRAL_RESPONSE_TO_RIBAVIRIN_UP	2.1327352128082187e-06	0.0001382996757228714
KAAB_HEART_ATRIUM_VS_VENTRICLE_DN	0.0033199499341381652	0.007502193290643894
KRIGE_RESPONSE_TO_TOSEDOSTAT_6HR_UP	0.05786657122549804	0.06530323901351386
KRIGE_RESPONSE_TO_TOSEDOSTAT_24HR_UP	0.035519568795512546	0.04316356453514515
KRIGE_RESPONSE_TO_TOSEDOSTAT_24HR_DN	0.05884780741704431	0.06623324653213399
MONNIER_POSTRADIATION_TUMOR_ESCAPE_UP	0.00670762526638645	0.012239238310744107
CREIGHTON_ENDOCRINE_THERAPY_RESISTANCE_4	0.00397073047052012	0.008389287685835743
ZHENG_BOUND_BY_FOXP3	0.018269149362694623	0.02515960933669516
MARSON_BOUND_BY_E2F4_UNSTIMULATED	0.013835264934441895	0.020497589349269804
SANSOM_APC_MYC_TARGETS	0.0015351916286703287	0.004941992231112236
SANSOM_APC_TARGETS_REQUIRE_MYC	0.0010898543087318586	0.004075319040831151
STEIN_ESRRA_TARGETS_UP	0.005182058884005704	0.010036362415007324
KYNG_DNA_DAMAGE_DN	0.0008447862353586251	0.0035081517064400043
KONDO_PROSTATE_CANCER_WITH_H3K27ME3	0.0011808939124388048	0.004205091468609396
HELLER_SILENCED_BY_METHYLATION_UP	0.002746410604631487	0.006789513606171096
HELLER_HDAC_TARGETS_SILENCED_BY_METHYLATION_UP	0.010260306174730173	0.016381511563063517
WONG_MITOCHONDRIA_GENE_MODULE	0.0007828395219632198	0.003408131001750098
LEE_METASTASIS_AND_ALTERNATIVE_SPLICING_DN	1.7016081843122673e-05	0.00048496397930424624
MASSARWEH_TAMOXIFEN_RESISTANCE_UP	0.02538806036608941	0.03242747710395966
WALLACE_PROSTATE_CANCER_RACE_UP	0.0030731946142842446	0.007236600725814576
IWANAGA_CARCINOGENESIS_BY_KRAS_PTEN_DN	0.007799448248624038	0.013500892964250643
ACEVEDO_LIVER_TUMOR_VS_NORMAL_ADJACENT_TISSUE_DN	0.0021414567513037322	0.005977642521023332
ACEVEDO_LIVER_CANCER_WITH_H3K27ME3_UP	0.0043814734239993845	0.009008736820564588
SMID_BREAST_CANCER_BASAL_DN	0.042831634488786026	0.05057012307289443
ZHANG_BREAST_CANCER_PROGENITORS_UP	0.0084345382953055	0.014107769410600272
BOCHKIS_FOXA2_TARGETS	0.006144601675957992	0.011474796416455896
CHUNG_BLISTER_CYTOTOXICITY_UP	0.00026339014602686254	0.0021769595876171537
BOQUEST_STEM_CELL_DN	0.002539074059090834	0.006486180096404767
BOQUEST_STEM_CELL_CULTURED_VS_FRESH_UP	0.012269115148980707	0.018805207401074064
RAY_TUMORIGENESIS_BY_ERBB2_CDC25A_DN	0.0017585534558236875	0.0053325919541703905
MOOTHA_HUMAN_MITODB_6_2002	0.005452278811761945	0.010375329657596657
MOOTHA_MITOCHONDRIA	0.00558348585708728	0.010601077877307605
RUTELLA_RESPONSE_TO_CSF2RB_AND_IL4_DN	0.005042077827968949	0.009900085257291346
RUTELLA_RESPONSE_TO_HGF_VS_CSF2RB_AND_IL4_UP	0.00874768441469778	0.014459407767823977
HOFFMANN_IMMATURE_TO_MATURE_B_LYMPHOCYTE_UP	9.447488413628973e-06	0.00039821163663446117
COLINA_TARGETS_OF_4EBP1_AND_4EBP2	0.004186587906097028	0.008735743311864665
MILI_PSEUDOPODIA_HAPTOTAXIS_DN	0.02144833446591062	0.02861243710792678
JISON_SICKLE_CELL_DISEASE_UP	0.0006894016914751669	0.003359338878113097
CHIANG_LIVER_CANCER_SUBCLASS_UNANNOTATED_DN	0.0005443209654620053	0.0031242040684263846
YAMASHITA_LIVER_CANCER_WITH_EPCAM_UP	1.6560081071850738e-05	0.00048496397930424624
YAGI_AML_WITH_T_8_21_TRANSLOCATION	0.007268710296469055	0.012765672458173779
STEIN_ESRRA_TARGETS	0.011985624584908544	0.018437740009266245
HOSHIDA_LIVER_CANCER_SUBCLASS_S1	0.001577352302390193	0.004980179741254429
CAIRO_LIVER_DEVELOPMENT_DN	0.0011372149416978732	0.004116538267187846
KYNG_WERNER_SYNDROM_AND_NORMAL_AGING_DN	0.0006875382217489437	0.003359338878113097
DANG_REGULATED_BY_MYC_DN	0.002065485737377088	0.005842968042311695
DANG_BOUND_BY_MYC	0.05420546674315454	0.06183384095328724
WONG_ADULT_TISSUE_STEM_MODULE	0.046743496512192215	0.05435140353072833
MIKKELSEN_NPC_HCP_WITH_H3K27ME3	0.006902219169163614	0.012459466294657232
MIKKELSEN_NPC_ICP_WITH_H3K4ME3	0.01048637532796043	0.01658539287330327
MIKKELSEN_MEF_HCP_WITH_H3K27ME3	0.030745771520539835	0.03800393752465554
MARTENS_TRETINOIN_RESPONSE_DN	0.017476198754000298	0.02451320390952122
KIM_ALL_DISORDERS_OLIGODENDROCYTE_NUMBER_CORR_UP	0.02890791348239801	0.03621006101881356
KIM_ALL_DISORDERS_CALB1_CORR_UP	0.02061400169629866	0.027804165487967634
CHICAS_RB1_TARGETS_SENESCENT	0.016549889304676112	0.02352707703851933
QI_HYPOXIA	0.0003078647404455114	0.0024030553351441306
LU_EZH2_TARGETS_UP	0.0014960107391842345	0.0048881281129159295
CHYLA_CBFA2T3_TARGETS_UP	0.006739074643617242	0.012260259078925074
PILON_KLF1_TARGETS_UP	0.015153651903201303	0.02198714036901669
BRUINS_UVC_RESPONSE_VIA_TP53_GROUP_A	0.06184160385826616	0.06932509581451912
WANG_TNF_TARGETS	1.2389796562582947e-06	9.435920253076418e-05
TORCHIA_TARGETS_OF_EWSR1_FLI1_FUSION_DN	0.0054279867814502865	0.010352472526612198
KOINUMA_TARGETS_OF_SMAD2_OR_SMAD3	0.044044991179905305	0.05164106754472903
WAKABAYASHI_ADIPOGENESIS_PPARG_RXRA_BOUND_8D	0.03214437132022959	0.03956496902125261
WAKABAYASHI_ADIPOGENESIS_PPARG_BOUND_8D	0.019365127767833563	0.026330326948844667
FORTSCHEGGER_PHF8_TARGETS_DN	0.03805958853429716	0.045704035804006414
RAO_BOUND_BY_SALL4_ISOFORM_B	0.014108730881664457	0.02082952737870952
ALTEMEIER_RESPONSE_TO_LPS_WITH_MECHANICAL_VENTILATION	0.000181239123309685	0.0017979484534750131
ZWANG_EGF_INTERVAL_DN	0.0013156935061619675	0.004490403342892869
NABA_MATRISOME_ASSOCIATED	0.024128280777973972	0.03114876063680254
MACAEVA_PBMC_RESPONSE_TO_IR	0.00012934365894425268	0.0016031662240164407
FISCHER_DIRECT_P53_TARGETS_META_ANALYSIS	0.0033283751965608737	0.007502193290643894
REACTOME_COMMON_PATHWAY_OF_FIBRIN_CLOT_FORMATION	8.503799388309655e-07	8.786191072696695e-05
REACTOME_ER_TO_GOLGI_ANTEROGRADE_TRANSPORT	0.0004676180749969683	0.002898544391341502
REACTOME_VISUAL_PHOTOTRANSDUCTION	0.00016212956502963984	0.0016793901318888204
REACTOME_THE_CANONICAL_RETINOID_CYCLE_IN_RODS_TWILIGHT_VISION	9.788711617693979e-07	8.786191072696695e-05
REACTOME_TRANSCRIPTIONAL_REGULATION_BY_TP53	0.004282116629547579	0.008869347220414273
REACTOME_CLASS_A_1_RHODOPSIN_LIKE_RECEPTORS	0.0023094834185470084	0.006240046544343359
REACTOME_REGULATION_OF_INSULIN_LIKE_GROWTH_FACTOR_IGF_TRANSPORT_AND_UPTAKE_BY_INSULIN_LIKE_GROWTH_FACTOR_BINDING_PROTEINS_IGFBPS	0.00023295094055950474	0.002045600446788151
REACTOME_TRANSPORT_OF_SMALL_MOLECULES	0.03697214481794733	0.04462401619357479
REACTOME_REGULATION_OF_LIPID_METABOLISM_BY_PEROXISOME_PROLIFERATOR_ACTIVATED_RECEPTOR_ALPHA_PPARALPHA	0.00032962789658230713	0.0024440234542720345
REACTOME_METABOLISM_OF_LIPIDS	0.033935804164342255	0.04152087505158276
REACTOME_NEUTROPHIL_DEGRANULATION	0.009496614793192951	0.015438797329246903
REACTOME_COPI_DEPENDENT_GOLGI_TO_ER_RETROGRADE_TRAFFIC	0.00013122001121842753	0.0016031662240164407
REACTOME_INTRA_GOLGI_AND_RETROGRADE_GOLGI_TO_ER_TRAFFIC	0.0011161387428582868	0.004090891131432764
REACTOME_RESPONSE_TO_ELEVATED_PLATELET_CYTOSOLIC_CA2PLUS	0.00027500495836578313	0.002229126729830338
REACTOME_GOLGI_TO_ER_RETROGRADE_TRANSPORT	0.00033505639339231083	0.0024561090402584174
REACTOME_AMYLOID_FIBER_FORMATION	3.05543163532139e-05	0.0006999047086515085
KEGG_GLYCOLYSIS_GLUCONEOGENESIS	0.0012019651635708072	0.004205091468609396
KEGG_FRUCTOSE_AND_MANNOSE_METABOLISM	0.000554352188715381	0.0031242040684263846
KEGG_GALACTOSE_METABOLISM	0.00037446274147226834	0.0026088602567034894
KEGG_PURINE_METABOLISM	0.015298284090253052	0.022120846463264704
KEGG_PYRIMIDINE_METABOLISM	0.004692030839732943	0.009473624415965066
KEGG_STARCH_AND_SUCROSE_METABOLISM	0.0007970976561702712	0.0034151026481894415
KEGG_AMINO_SUGAR_AND_NUCLEOTIDE_SUGAR_METABOLISM	0.000918657384898461	0.0037265677931154467
KEGG_GLYCEROLIPID_METABOLISM	0.0010987467849096779	0.004075319040831151
KEGG_GLYCEROPHOSPHOLIPID_METABOLISM	0.0025589224549522308	0.0064960770289021206
KEGG_GLYCOSPHINGOLIPID_BIOSYNTHESIS_LACTO_AND_NEOLACTO_SERIES	0.0003259312461716914	0.0024440234542720345
KEGG_RIBOFLAVIN_METABOLISM	0.00010291030085639855	0.0014957479934817929
KEGG_RETINOL_METABOLISM	0.0007416083940178963	0.0033976949791146007
KEGG_RIBOSOME	0.0022654660475591296	0.006220807420496242
KEGG_SPLICEOSOME	0.005381451161601131	0.010286991676257943
KEGG_PPAR_SIGNALING_PATHWAY	0.002461314518508278	0.006423802288242967
KEGG_NUCLEOTIDE_EXCISION_REPAIR	0.0008097521157680883	0.0034302564502135605
KEGG_CALCIUM_SIGNALING_PATHWAY	0.022663561483203813	0.02970228525597016
KEGG_PHOSPHATIDYLINOSITOL_SIGNALING_SYSTEM	0.004896285054737138	0.009757844683554154
KEGG_P53_SIGNALING_PATHWAY	0.001888756284283696	0.0055867422724601955
KEGG_UBIQUITIN_MEDIATED_PROTEOLYSIS	0.008117212174983426	0.013868771582755415
KEGG_LYSOSOME	0.007030819276891533	0.01250429824783811
KEGG_ENDOCYTOSIS	0.019910603348317003	0.026984949554069503
KEGG_CARDIAC_MUSCLE_CONTRACTION	0.0027899079183581347	0.006836896439464848
KEGG_REGULATION_OF_ACTIN_CYTOSKELETON	0.023849937179622256	0.030884020034441725
KEGG_INSULIN_SIGNALING_PATHWAY	0.009457777529516615	0.015421482509443921
KEGG_TYPE_II_DIABETES_MELLITUS	0.001688165139174085	0.0052129055396474494
KEGG_MATURITY_ONSET_DIABETES_OF_THE_YOUNG	0.0002895273136249665	0.0023244907179604457
KEGG_ALDOSTERONE_REGULATED_SODIUM_REABSORPTION	0.0009852853597545122	0.0038632351547583897
KEGG_PROXIMAL_TUBULE_BICARBONATE_RECLAMATION	0.0001854208727128106	0.001804819901520438
KEGG_HYPERTROPHIC_CARDIOMYOPATHY_HCM	0.005946533346922086	0.011180304748314482
KEGG_DILATED_CARDIOMYOPATHY	0.00703964736856832	0.01250429824783811
BIOCARTA_AMI_PATHWAY	0.00012705677310037163	0.0016031662240164407
BIOCARTA_LYM_PATHWAY	7.27801325371357e-05	0.0012030127789961844
BIOCARTA_LAIR_PATHWAY	0.00015521225101438607	0.001677486251347788
BIOCARTA_EPHA4_PATHWAY	7.633529289155897e-05	0.0012375125366843116
BIOCARTA_FIBRINOLYSIS_PATHWAY	5.357805890561303e-05	0.0010530695871678176
BIOCARTA_PPARA_PATHWAY	0.0015359453909269346	0.004941992231112236
BIOCARTA_NUCLEARRS_PATHWAY	0.000613087634606012	0.0032061810472708147
BIOCARTA_PLATELETAPP_PATHWAY	0.0001077536745768945	0.0015253745076892848
BIOCARTA_TNFR1_PATHWAY	0.0004561881628090895	0.0028914783552485895
SA_MMP_CYTOKINE_CONNECTION	8.783385964597089e-05	0.0013301417982138752
PID_IL4_2PATHWAY	0.0016006641289385067	0.004997629113685782
PID_INTEGRIN3_PATHWAY	0.000777463707395504	0.003408131001750098
PID_TXA2PATHWAY	0.0020122299530143037	0.0057307765215914115
PID_CONE_PATHWAY	0.00021680455881447797	0.0019652284202215584
PID_TNF_PATHWAY	0.0009194235258326242	0.0037265677931154467
PID_CERAMIDE_PATHWAY	0.001024749694836732	0.003962678865813601
PID_P53_DOWNSTREAM_PATHWAY	0.008314955169950192	0.013935402004508969
PID_AMB2_NEUTROPHILS_PATHWAY	0.0008268972644033904	0.0034721528822873097
PID_RXR_VDR_PATHWAY	0.0005596142518770866	0.0031242040684263846
PID_SYNDECAN_4_PATHWAY	0.0006799362614530113	0.003355524134693594
PID_ATF2_PATHWAY	0.002124282911317129	0.005949403635349966
PID_INTEGRIN2_PATHWAY	0.00020884082230388458	0.0019346462989249969
PID_UPA_UPAR_PATHWAY	0.0009477772678639791	0.003743706214352843
PID_IL6_7_PATHWAY	0.0011118135549565225	0.004090891131432764
PID_RHODOPSIN_PATHWAY	0.00023294250710158477	0.002045600446788151
PID_CASPASE_PATHWAY	0.0012070492776277693	0.004205091468609396
PID_HIF1_TFPATHWAY	0.002510542276435029	0.006458501529779681
PID_EPHRINB_REV_PATHWAY	0.0006239363143290147	0.0032061810472708147
PID_INTEGRIN_A4B1_PATHWAY	0.0006806579205606223	0.003355524134693594
PID_HES_HEY_PATHWAY	0.0014482306489228922	0.0047876801452627375
REACTOME_TRANSLATION	0.02620348269423246	0.03331755039402408
REACTOME_IMMUNOREGULATORY_INTERACTIONS_BETWEEN_A_LYMPHOID_AND_A_NON_LYMPHOID_CELL	0.0050864941542273666	0.009932827154004294
REACTOME_SRP_DEPENDENT_COTRANSLATIONAL_PROTEIN_TARGETING_TO_MEMBRANE	0.0038810297856209965	0.008324957021064885
REACTOME_DEGRADATION_OF_THE_EXTRACELLULAR_MATRIX	0.011198731006144548	0.017547453974311997
REACTOME_SIGNALING_BY_NOTCH2	0.000569604848210731	0.0031416534444129386
REACTOME_PROCESSING_OF_CAPPED_INTRON_CONTAINING_PRE_MRNA	0.02003695279120049	0.027069152568881434
REACTOME_BASIGIN_INTERACTIONS	0.00032354683250843585	0.0024440234542720345
REACTOME_METABOLISM_OF_AMINO_ACIDS_AND_DERIVATIVES	0.04300315187968559	0.050701618230174765
REACTOME_BIOLOGICAL_OXIDATIONS	0.01192322630241548	0.018375282948695153
REACTOME_INTEGRIN_CELL_SURFACE_INTERACTIONS	0.0036442255195198625	0.007917737404523825
REACTOME_CYTOCHROME_P450_ARRANGED_BY_SUBSTRATE_TYPE	0.0013417966798078915	0.00452453840431221
REACTOME_REGULATION_OF_BETA_CELL_DEVELOPMENT	0.0010167599303790166	0.003949901480688991
REACTOME_ENDOGENOUS_STEROLS	0.0003723791211876771	0.0026088602567034894
REACTOME_GLYCOLYSIS	0.002263042301160488	0.006220807420496242
REACTOME_PEPTIDE_LIGAND_BINDING_RECEPTORS	0.01084541444579107	0.017057246973510954
REACTOME_CELL_CYCLE_MITOTIC	0.0785918210486936	0.08472238509469143
REACTOME_P130CAS_LINKAGE_TO_MAPK_SIGNALING_FOR_INTEGRINS	0.00012617678200450735	0.0016031662240164407
REACTOME_RECRUITMENT_OF_NUMA_TO_MITOTIC_CENTROSOMES	0.003964928181578817	0.008389287685835743
REACTOME_NUCLEAR_RECEPTOR_TRANSCRIPTION_PATHWAY	0.002097099310053017	0.005903356959426882
REACTOME_STRIATED_MUSCLE_CONTRACTION	0.0007349112409951941	0.003386273912299304
REACTOME_AMINE_LIGAND_BINDING_RECEPTORS	0.000751078443981653	0.003408131001750098
REACTOME_MRNA_SPLICING	0.012085048261691125	0.01855682274062954
REACTOME_NUCLEOTIDE_EXCISION_REPAIR	0.005038131390534526	0.009900085257291346
REACTOME_MITOTIC_G2_G2_M_PHASES	0.014342313697553533	0.02110047198435886
REACTOME_DNA_REPAIR	0.03316560527554857	0.0406966597485989
REACTOME_EFFECTS_OF_PIP2_HYDROLYSIS	0.0009431870939506881	0.003743706214352843
REACTOME_RESPIRATORY_ELECTRON_TRANSPORT	0.0031154017265384304	0.007275023976376446
REACTOME_FACTORS_INVOLVED_IN_MEGAKARYOCYTE_DEVELOPMENT_AND_PLATELET_PRODUCTION	0.012499200263381978	0.01898527175140722
REACTOME_ION_TRANSPORT_BY_P_TYPE_ATPASES	0.0019334883628239668	0.0056342463075548166
REACTOME_ION_CHANNEL_TRANSPORT	0.02192944191831806	0.029028308385314585
REACTOME_FORMATION_OF_INCISION_COMPLEX_IN_GG_NER	0.0007843148450053606	0.003408131001750098
REACTOME_TRANSCRIPTIONAL_REGULATION_OF_WHITE_ADIPOCYTE_DIFFERENTIATION	0.003905432915022587	0.008334313069987952
REACTOME_PLATELET_AGGREGATION_PLUG_FORMATION	0.0007148746983482813	0.003386273912299304
REACTOME_SIGNALING_BY_NOTCH	0.018061778268223812	0.02504289322386953
REACTOME_METABOLISM_OF_CARBOHYDRATES	0.03726856282335903	0.04481797212566571
REACTOME_MITOTIC_PROMETAPHASE	0.016004952280704435	0.022829398938466732
REACTOME_GLUCOSE_METABOLISM	0.0035612881900719973	0.007797833621378426
PICCALUGA_ANGIOIMMUNOBLASTIC_LYMPHOMA_UP	0.021877925019084022	0.029028308385314585
LU_TUMOR_VASCULATURE_DN	0.00010161068897715615	0.0014957479934817929
WATANABE_RECTAL_CANCER_RADIOTHERAPY_RESPONSIVE_UP	0.005240895713365281	0.010086929420929067
BERTUCCI_MEDULLARY_VS_DUCTAL_BREAST_CANCER_UP	0.01592807552607843	0.02278602203507437
BERTUCCI_MEDULLARY_VS_DUCTAL_BREAST_CANCER_DN	0.02272673132025604	0.02970330930693929
SCHUETZ_BREAST_CANCER_DUCTAL_INVASIVE_UP	0.06501689015358271	0.07230770237397127
KIM_RESPONSE_TO_TSA_AND_DECITABINE_DN	5.113767818314497e-05	0.0010530695871678176
WATANABE_COLON_CANCER_MSI_VS_MSS_DN	0.0024146638293717285	0.006341313421060334
GAZDA_DIAMOND_BLACKFAN_ANEMIA_ERYTHROID_UP	0.0003131496520682662	0.0024218821715004443
GAZDA_DIAMOND_BLACKFAN_ANEMIA_MYELOID_UP	0.00037345382396586504	0.0026088602567034894
CHEMNITZ_RESPONSE_TO_PROSTAGLANDIN_E2_DN	0.07985454684872115	0.0858640089202448
ZHONG_RESPONSE_TO_AZACITIDINE_AND_TSA_UP	0.01350511588021451	0.02015011095047935
ZHONG_RESPONSE_TO_AZACITIDINE_AND_TSA_DN	0.002757324360926197	0.006793048375145137
SENGUPTA_NASOPHARYNGEAL_CARCINOMA_WITH_LMP1_UP	0.07617325182234239	0.08253734098487743
FULCHER_INFLAMMATORY_RESPONSE_LECTIN_VS_LPS_DN	0.07779909166626925	0.08397520393683096
ZHOU_INFLAMMATORY_RESPONSE_LIVE_UP	0.0804464146819055	0.0863902262125431
PUIFFE_INVASION_INHIBITED_BY_ASCITES_DN	0.008957897591568079	0.014749038417366973
THUM_SYSTOLIC_HEART_FAILURE_UP	0.07675697099946308	0.08295657250326585
CASORELLI_ACUTE_PROMYELOCYTIC_LEUKEMIA_UP	0.013016905375201688	0.019560162622629274
HUTTMANN_B_CLL_POOR_SURVIVAL_DN	0.0037321661639374876	0.008087959064779698
DIAZ_CHRONIC_MEYLOGENOUS_LEUKEMIA_DN	0.0068462506399308625	0.0123849555567848
DEURIG_T_CELL_PROLYMPHOCYTIC_LEUKEMIA_DN	0.04359309964019379	0.051253811710855454
DOANE_RESPONSE_TO_ANDROGEN_UP	0.018652659279028178	0.02552253432044483
LAIHO_COLORECTAL_CANCER_SERRATED_UP	0.007184285472687136	0.012670193835722293
BORCZUK_MALIGNANT_MESOTHELIOMA_UP	0.0329423683932248	0.040481656786426394
HORIUCHI_WTAP_TARGETS_UP	0.04786278908975854	0.05542353187179457
HORIUCHI_WTAP_TARGETS_DN	0.03713707892193103	0.04472365361598265
BASAKI_YBX1_TARGETS_UP	0.029630013324452448	0.03689527508495335
RODRIGUES_DCC_TARGETS_DN	0.009505024690248094	0.015438797329246903
WANG_LMO4_TARGETS_UP	0.04896558158982566	0.05654518531537402
WANG_LMO4_TARGETS_DN	0.05590110941924851	0.06359599897493454
WANG_CLIM2_TARGETS_UP	0.02750339694113106	0.03465674681819654
BARRIER_COLON_CANCER_RECURRENCE_UP	0.0007735848181321902	0.003408131001750098
SMIRNOV_CIRCULATING_ENDOTHELIOCYTES_IN_CANCER_DN	1.3249362680759682e-05	0.00048496397930424624
GARGALOVIC_RESPONSE_TO_OXIDIZED_PHOSPHOLIPIDS_BLUE_UP	0.008531755456478848	0.014185936587399741
TAKEDA_TARGETS_OF_NUP98_HOXA9_FUSION_6HR_UP	0.004309636168127735	0.008904468847381572
TAKEDA_TARGETS_OF_NUP98_HOXA9_FUSION_3D_UP	0.020982488310454094	0.028210905336065073
HOEBEKE_LYMPHOID_STEM_CELL_DN	0.004196887356233914	0.008735743311864665
MULLIGHAN_NPM1_MUTATED_SIGNATURE_1_UP	0.029562149729577783	0.03686522518052378
MULLIGHAN_NPM1_MUTATED_SIGNATURE_1_DN	0.008031081861485687	0.013760573189496817
MULLIGHAN_NPM1_MUTATED_SIGNATURE_2_UP	0.00830989065441231	0.013935402004508969
MULLIGHAN_NPM1_MUTATED_SIGNATURE_2_DN	0.002317904583283242	0.006242790938363492
MULLIGHAN_NPM1_SIGNATURE_3_UP	0.04520685349657476	0.05271006569517638
UDAYAKUMAR_MED1_TARGETS_DN	0.025157366795699455	0.032279543696765056
ODONNELL_TFRC_TARGETS_DN	0.00820939148255629	0.013868771582755415
LEE_NEURAL_CREST_STEM_CELL_DN	0.011256119056514413	0.01760465373773961
TIEN_INTESTINE_PROBIOTICS_6HR_DN	0.015637248308479543	0.022495222395986784
ZHOU_INFLAMMATORY_RESPONSE_FIMA_DN	0.03700140844520614	0.04462401619357479
KIM_WT1_TARGETS_UP	0.023904337613272868	0.030906988662559857
KIM_WT1_TARGETS_12HR_UP	0.014103694103159902	0.02082952737870952
JAATINEN_HEMATOPOIETIC_STEM_CELL_DN	0.02238107609342784	0.02938823543108983
GRAHAM_CML_QUIESCENT_VS_NORMAL_QUIESCENT_DN	0.0013504319356822364	0.00453551442940289
GRAHAM_CML_DIVIDING_VS_NORMAL_QUIESCENT_DN	0.006203643688826352	0.011544528983842416
WAMUNYOKOLI_OVARIAN_CANCER_LMP_DN	0.022038455420226075	0.0291197773029006
WAMUNYOKOLI_OVARIAN_CANCER_GRADES_1_2_UP	0.009430406511362252	0.015415763015513131
GOZGIT_ESR1_TARGETS_UP	0.012332051667071934	0.018864817464485692
HAHTOLA_SEZARY_SYNDROM_UP	0.004240264221426129	0.008804292459759179
HAHTOLA_MYCOSIS_FUNGOIDES_SKIN_UP	0.01563619219049392	0.022495222395986784
CHOW_RASSF1_TARGETS_DN	0.0005053578944561948	0.0030001176410321983
ENK_UV_RESPONSE_KERATINOCYTE_UP	0.07577342324412101	0.08231571623040465
LANDIS_BREAST_CANCER_PROGRESSION_DN	0.0027639568121883536	0.006793048375145137
DELYS_THYROID_CANCER_DN	0.04412867640136026	0.051667325286592646
CHIARADONNA_NEOPLASTIC_TRANSFORMATION_CDC25_DN	0.009066303263045588	0.014898428169098307
LINDGREN_BLADDER_CANCER_CLUSTER_1_UP	0.007126174589942613	0.01262051508260845
LINDGREN_BLADDER_CANCER_CLUSTER_1_DN	0.05159036294499437	0.059332436511091755
LINDGREN_BLADDER_CANCER_CLUSTER_3_DN	0.030155821895437866	0.037384349790961946
VANHARANTA_UTERINE_FIBROID_UP	0.001137785784406605	0.004116538267187846
LANDIS_ERBB2_BREAST_PRENEOPLASTIC_DN	0.0015674665679072395	0.004975011324430552
GRAESSMANN_RESPONSE_TO_MC_AND_SERUM_DEPRIVATION_UP	0.021598322455669568	0.028763642701626298
GAUSSMANN_MLL_AF4_FUSION_TARGETS_C_UP	0.016778029407183762	0.02377122485757296
GAUSSMANN_MLL_AF4_FUSION_TARGETS_D_UP	0.0009283264965056273	0.0037265677931154467
GAUSSMANN_MLL_AF4_FUSION_TARGETS_E_UP	0.0061170042993152225	0.011459188054050516
LANDIS_ERBB2_BREAST_TUMORS_324_DN	0.010368906065152353	0.01643042821978089
BARIS_THYROID_CANCER_DN	0.0016445261880366315	0.005096821972481178
BERENJENO_TRANSFORMED_BY_RHOA_UP	0.09062486729240528	0.09682732969264593
BERENJENO_TRANSFORMED_BY_RHOA_DN	0.058115496735794206	0.06549647559929747
KERLEY_RESPONSE_TO_CISPLATIN_UP	0.0007834125507944759	0.003408131001750098
MISSIAGLIA_REGULATED_BY_METHYLATION_UP	0.006152559881658441	0.011474796416455896
SILIGAN_TARGETS_OF_EWS_FLI1_FUSION_UP	0.0002379223065103502	0.0020463142706343617
MCBRYAN_PUBERTAL_BREAST_4_5WK_UP	0.02758644290714149	0.034709509508537725
MCBRYAN_PUBERTAL_BREAST_5_6WK_DN	0.008634241407745356	0.014328081706160107
MCBRYAN_PUBERTAL_BREAST_6_7WK_UP	0.01732161647215194	0.024336871143373476
OUELLET_CULTURED_OVARIAN_CANCER_INVASIVE_VS_LMP_UP	0.0017065929994232781	0.005231483267322995
MCBRYAN_PUBERTAL_TGFB1_TARGETS_UP	0.013821327693410367	0.020497589349269804
DARWICHE_SKIN_TUMOR_PROMOTER_DN	0.013830077991216525	0.020497589349269804
DARWICHE_PAPILLOMA_RISK_LOW_DN	0.010913104978501422	0.01713174580423966
DARWICHE_PAPILLOMA_RISK_HIGH_DN	0.012894260969090746	0.019416670196925688
DARWICHE_SQUAMOUS_CELL_CARCINOMA_DN	0.012898381150982664	0.019416670196925688
HU_ANGIOGENESIS_DN	0.0005861780007271834	0.0031880627016189185
LASTOWSKA_NEUROBLASTOMA_COPY_NUMBER_DN	0.09112913095074231	0.09724285745756425
RIZ_ERYTHROID_DIFFERENTIATION_12HR	0.0006395667868126473	0.0032429201561548753
DACOSTA_UV_RESPONSE_VIA_ERCC3_TTD_UP	0.0011506091662070324	0.004145143278258668
APPIERTO_RESPONSE_TO_FENRETINIDE_DN	0.0010098941088374559	0.0039413922858795155
DEBOSSCHER_NFKB_TARGETS_REPRESSED_BY_GLUCOCORTICOIDS	0.00015259382223730634	0.0016706050928058343
CAVARD_LIVER_CANCER_MALIGNANT_VS_BENIGN	0.000627544333095711	0.0032061810472708147
AIGNER_ZEB1_TARGETS	0.0007160149945845999	0.003386273912299304
LINDGREN_BLADDER_CANCER_CLUSTER_2B	0.06630039879454343	0.07363799233702255
FARMER_BREAST_CANCER_APOCRINE_VS_BASAL	0.05344107711912396	0.0611273107346289
FARMER_BREAST_CANCER_BASAL_VS_LULMINAL	0.052114510296732426	0.05985358607649242
LUI_THYROID_CANCER_CLUSTER_1	0.0013254386691863092	0.004497455628109893
HERNANDEZ_ABERRANT_MITOSIS_BY_DOCETACEL_4NM_UP	0.00023727683029399344	0.0020463142706343617
SHI_SPARC_TARGETS_UP	0.0004360413610472002	0.002805976086738853
AMUNDSON_DNA_DAMAGE_RESPONSE_TP53	0.00010856758061845443	0.0015253745076892848
DAUER_STAT3_TARGETS_UP	0.0012093962425647892	0.004205091468609396
KORKOLA_YOLK_SAC_TUMOR	0.0025927810944411465	0.006544055277287086
SEITZ_NEOPLASTIC_TRANSFORMATION_BY_8P_DELETION_DN	0.0006172668237785282	0.0032061810472708147
DACOSTA_ERCC3_ALLELE_XPCS_VS_TTD_UP	0.00042900924669522127	0.0027819599612620887
DACOSTA_UV_RESPONSE_VIA_ERCC3_UP	0.026572925433801273	0.03368567840705936
HEIDENBLAD_AMPLICON_8Q24_DN	0.000950359584663711	0.003743706214352843
MARTORIATI_MDM4_TARGETS_NEUROEPITHELIUM_UP	0.015206101079060353	0.022025331975339995
MARTORIATI_MDM4_TARGETS_FETAL_LIVER_UP	0.02269071376612667	0.02970228525597016
MARTORIATI_MDM4_TARGETS_FETAL_LIVER_DN	0.0931727367947479	0.09892269158434822
MANN_RESPONSE_TO_AMIFOSTINE_UP	0.0001619660012685921	0.0016793901318888204
MOHANKUMAR_HOXA1_TARGETS_DN	0.020726090027477145	0.027910693120069063
JOHANSSON_BRAIN_CANCER_EARLY_VS_LATE_DN	0.0007608612328715637	0.003408131001750098
JAZAG_TGFB1_SIGNALING_DN	0.0005049680455834975	0.0030001176410321983
SASAI_RESISTANCE_TO_NEOPLASTIC_TRANSFROMATION	0.0010765589114860202	0.004073948860312482
TSAI_RESPONSE_TO_IONIZING_RADIATION	0.009316889545703798	0.015280423904724323
HOWLIN_PUBERTAL_MAMMARY_GLAND	0.0024033450451154703	0.006331312103226067
FURUKAWA_DUSP6_TARGETS_PCI35_UP	0.0028011078316753195	0.006844446093050129
SHETH_LIVER_CANCER_VS_TXNIP_LOSS_PAM4	0.03939674147916792	0.04717535947008318
SPIELMAN_LYMPHOBLAST_EUROPEAN_VS_ASIAN_UP	0.06363753834433811	0.0711491310666804
PUJANA_BRCA2_PCC_NETWORK	0.0645907433161472	0.07192866131507542
SCHLESINGER_H3K27ME3_IN_NORMAL_AND_METHYLATED_IN_CANCER	0.0005975253936604853	0.0031880627016189185
GROSS_HYPOXIA_VIA_HIF1A_ONLY	5.3715293295630075e-05	0.0010530695871678176
FALVELLA_SMOKERS_WITH_LUNG_CANCER	0.003922138299590742	0.008334313069987952
GROSS_HYPOXIA_VIA_ELK3_UP	0.016746450615404595	0.023766427388528744
GROSS_HYPOXIA_VIA_ELK3_DN	0.01131249688221923	0.017660064577242243
RICKMAN_METASTASIS_UP	0.040072663660247414	0.0478488037756212
RICKMAN_METASTASIS_DN	0.02235948037383839	0.02938823543108983
SCHAEFFER_PROSTATE_DEVELOPMENT_6HR_UP	0.010284594729134133	0.01638925020162585
SCHAEFFER_PROSTATE_DEVELOPMENT_6HR_DN	0.09010120171680129	0.0963899911767303
SCHAEFFER_PROSTATE_DEVELOPMENT_48HR_UP	0.07904513199134587	0.08510223022823062
RICKMAN_HEAD_AND_NECK_CANCER_A	0.008143851676020863	0.013868771582755415
RICKMAN_HEAD_AND_NECK_CANCER_F	0.0017532036752354555	0.0053325919541703905
BENPORATH_ES_1	0.062005788468842075	0.0694168388834447
BENPORATH_OCT4_TARGETS	0.03669654888902208	0.04438334392172972
BENPORATH_NOS_TARGETS	0.015125220315216088	0.021983725389184763
BENPORATH_MYC_TARGETS_WITH_EBOX	0.01833862456004726	0.025178274436677264
BENPORATH_PROLIFERATION	0.008719211474751385	0.014440658690010643
PETRETTO_HEART_MASS_QTL_CIS_DN	0.00048660753231002593	0.002972537316937332
SHEN_SMARCA2_TARGETS_DN	0.040746227148032846	0.04846557417703697
MORI_MATURE_B_LYMPHOCYTE_UP	0.003600694932548477	0.007863693855280742
MORI_PLASMA_CELL_UP	0.0012026001082781571	0.004205091468609396
MORI_EMU_MYC_LYMPHOMA_BY_ONSET_TIME_DN	0.00017297591193172077	0.001756851732029405
KAUFFMANN_DNA_REPAIR_GENES	0.021934795304205685	0.029028308385314585
JI_METASTASIS_REPRESSED_BY_STK11	0.0005204133344876331	0.003067891195615907
CERVERA_SDHB_TARGETS_2	0.008193304523833404	0.013868771582755415
ROZANOV_MMP14_TARGETS_SUBSET	0.0005970175489369888	0.0031880627016189185
CERVERA_SDHB_TARGETS_1_UP	0.007846641446158825	0.013554751514573544
LEE_LIVER_CANCER_CIPROFIBRATE_DN	0.002176510926941357	0.0060157334800379145
BASSO_B_LYMPHOCYTE_NETWORK	0.008202678596549304	0.013868771582755415
BYSTRYKH_HEMATOPOIESIS_STEM_CELL_QTL_CIS	0.007949946076930814	0.013649296421288546
LEE_LIVER_CANCER_MYC_TGFA_DN	0.002040469158315585	0.00579163468168363
LEE_LIVER_CANCER_ACOX1_DN	0.0020037392152370288	0.0057307765215914115
SHEPARD_BMYB_TARGETS	0.0022869568865533795	0.006240046544343359
SHEPARD_CRUSH_AND_BURN_MUTANT_DN	0.01586437975925442	0.022744340369135165
SHIPP_DLBCL_CURED_VS_FATAL_UP	0.0007980726235982444	0.0034151026481894415
POMEROY_MEDULLOBLASTOMA_DESMOPLASIC_VS_CLASSIC_UP	0.0015979303763199325	0.004997629113685782
MANALO_HYPOXIA_DN	0.027778876868618806	0.03489954277234822
MAGRANGEAS_MULTIPLE_MYELOMA_IGG_VS_IGA_DN	0.0003197372524497187	0.0024440234542720345
LEE_LIVER_CANCER_MYC_E2F1_DN	0.0019860002610981396	0.0057307765215914115
TARTE_PLASMA_CELL_VS_PLASMABLAST_DN	0.03417988545110869	0.04175890352939801
MOOTHA_VOXPHOS	0.001560525177196245	0.004975011324430552
OKUMURA_INFLAMMATORY_RESPONSE_LPS	0.016811542330273706	0.02377874192016902
LEE_LIVER_CANCER_DENA_DN	0.00254842445960966	0.006490398246075358
LEE_LIVER_CANCER_MYC_DN	0.0018132254253016775	0.005439676275905032
POMEROY_MEDULLOBLASTOMA_PROGNOSIS_DN	0.0007001011999041018	0.003386273912299304
LU_IL4_SIGNALING	0.005164420130605436	0.010036362415007324
FERRANDO_LYL1_NEIGHBORS	0.00015012602228295382	0.0016706050928058343
LEE_LIVER_CANCER_E2F1_DN	0.0020099403308654297	0.0057307765215914115
GOLDRATH_IMMUNE_MEMORY	0.002861222128919945	0.006951038197923671
HADDAD_T_LYMPHOCYTE_AND_NK_PROGENITOR_UP	0.007045719653289564	0.01250429824783811
ALCALAY_AML_BY_NPM1_LOCALIZATION_UP	0.008167181802389848	0.013868771582755415
ABBUD_LIF_SIGNALING_2_UP	0.00014326070417232026	0.001654366761880356
FERRANDO_T_ALL_WITH_MLL_ENL_FUSION_UP	0.004380127922456199	0.009008736820564588
MATSUDA_NATURAL_KILLER_DIFFERENTIATION	0.09139524295513853	0.09740352694207556
LEI_MYB_TARGETS	0.03553012614767465	0.04316356453514515
ZHAN_MULTIPLE_MYELOMA_CD1_AND_CD2_UP	0.005339473959014272	0.010238161935789063
ABBUD_LIF_SIGNALING_1_UP	0.000831998674047493	0.0034721528822873097
LI_WILMS_TUMOR_VS_FETAL_KIDNEY_1_UP	0.022982033399047475	0.02999048630866412
AFFAR_YY1_TARGETS_UP	0.017676420038781553	0.024711811098993116
KANG_IMMORTALIZED_BY_TERT_DN	0.006748232755185331	0.012260259078925074
PETROVA_PROX1_TARGETS_DN	0.0019115806691497668	0.0056342463075548166
DORSEY_GAB2_TARGETS	0.00042465463649011284	0.002775068671016784
CROMER_METASTASIS_DN	0.0030513573949994643	0.007205306117603777
NOUZOVA_TRETINOIN_AND_H4_ACETYLATION	0.0063557910310047165	0.011801611980477921
SESTO_RESPONSE_TO_UV_C8	0.003799289534186359	0.008170410911528318
BROWNE_HCMV_INFECTION_20HR_UP	0.028154538552574465	0.03531886309497065
MODY_HIPPOCAMPUS_POSTNATAL	0.0019244119770991774	0.0056342463075548166
BLALOCK_ALZHEIMERS_DISEASE_INCIPIENT_UP	0.060863425064666826	0.06831939724302814
WU_HBX_TARGETS_2_DN	0.0001422293227771102	0.001654366761880356
IVANOVA_HEMATOPOIESIS_LATE_PROGENITOR	0.08884332681550629	0.09516508831699085
LEE_CALORIE_RESTRICTION_NEOCORTEX_UP	0.002985425812807237	0.007142855941398972
JOSEPH_RESPONSE_TO_SODIUM_BUTYRATE_DN	0.002460361624726188	0.006423802288242967
BROWNE_HCMV_INFECTION_16HR_DN	0.0057806585187807355	0.010901778817297897
HARRIS_HYPOXIA	0.0033644785093814404	0.007503321120128451
CHEN_LVAD_SUPPORT_OF_FAILING_HEART_DN	0.0012121438041187227	0.004205091468609396
WANG_SMARCE1_TARGETS_DN	0.05746435988514121	0.06502343004452892
CUI_TCF21_TARGETS_UP	0.0005456812215947409	0.0031242040684263846
VARELA_ZMPSTE24_TARGETS_DN	0.0006226687149023423	0.0032061810472708147
BROWNE_HCMV_INFECTION_24HR_DN	0.015690623239090873	0.022533552624452478
BROWNE_HCMV_INFECTION_14HR_DN	0.044264960027063545	0.05175500874176778
WANG_CISPLATIN_RESPONSE_AND_XPC_DN	0.023825688087004155	0.030884020034441725
RUAN_RESPONSE_TO_TNF_DN	0.0030022296170243656	0.007142855941398972
KAYO_AGING_MUSCLE_DN	0.006983364419927298	0.01250429824783811
KAAB_FAILED_HEART_ATRIUM_UP	0.0007350986072962902	0.003386273912299304
KIM_GASTRIC_CANCER_CHEMOSENSITIVITY	0.004105043906221531	0.008586977699614766
BANDRES_RESPONSE_TO_CARMUSTIN_MGMT_24HR_DN	0.0007201521492770701	0.003386273912299304
GAJATE_RESPONSE_TO_TRABECTEDIN_UP	0.002393821545844885	0.006327015669688819
DAZARD_RESPONSE_TO_UV_NHEK_UP	0.017978745804347825	0.025010037480305638
BROWNE_HCMV_INFECTION_18HR_DN	0.01868019415861739	0.02552253432044483
MCLACHLAN_DENTAL_CARIES_DN	0.00754169800399804	0.013162839373437573
IVANOVA_HEMATOPOIESIS_INTERMEDIATE_PROGENITOR	0.007023190782565821	0.01250429824783811
LEE_CALORIE_RESTRICTION_NEOCORTEX_DN	0.0023600275501243	0.006290290838488309
SESTO_RESPONSE_TO_UV_C1	0.001999119791447589	0.0057307765215914115
WU_HBX_TARGETS_1_UP	6.516445940713903e-05	0.0011072568302169853
DEBIASI_APOPTOSIS_BY_REOVIRUS_INFECTION_DN	0.032149470675632306	0.03956496902125261
DAZARD_RESPONSE_TO_UV_NHEK_DN	0.04914677317097099	0.05667678492904042
KYNG_RESPONSE_TO_H2O2_VIA_ERCC6	0.00015184564320937273	0.0016706050928058343
JIANG_HYPOXIA_NORMAL	0.016954914994681134	0.0239013266563816
BANDRES_RESPONSE_TO_CARMUSTIN_WITHOUT_MGMT_48HR_DN	0.0003891624335729095	0.0026890486188685466
SEMENZA_HIF1_TARGETS	0.000556748449561331	0.0031242040684263846
WANG_CISPLATIN_RESPONSE_AND_XPC_UP	0.014638437182174068	0.02146122181664824
CHENG_RESPONSE_TO_NICKEL_ACETATE	0.0009108050460048099	0.0037265677931154467
JIANG_HYPOXIA_CANCER	0.0015679629509202223	0.004975011324430552
BANDRES_RESPONSE_TO_CARMUSTIN_MGMT_48HR_DN	0.01082647731145296	0.017057246973510954
LI_ADIPOGENESIS_BY_ACTIVATED_PPARG	0.00013030044050981544	0.0016031662240164407
BACOLOD_RESISTANCE_TO_ALKYLATING_AGENTS_UP	0.00026388378433734813	0.0021769595876171537
SATO_SILENCED_BY_METHYLATION_IN_PANCREATIC_CANCER_1	0.0644287003891934	0.07184311432287042
BROWNE_HCMV_INFECTION_24HR_UP	0.009435983055758927	0.015415763015513131
WELCSH_BRCA1_TARGETS_DN	0.00852693221667911	0.014185936587399741
KYNG_RESPONSE_TO_H2O2	0.0020014034809044015	0.0057307765215914115
MCLACHLAN_DENTAL_CARIES_UP	0.023159119911086757	0.03017486566467718
BURTON_ADIPOGENESIS_6	0.014915125988524064	0.02171580519572675
BILD_HRAS_ONCOGENIC_SIGNATURE	0.025129321331209327	0.032279543696765056
CREIGHTON_ENDOCRINE_THERAPY_RESISTANCE_2	0.06861793147312144	0.07570039211210225
HOWLIN_CITED1_TARGETS_2_DN	0.00018128780373116975	0.0017979484534750131
LEIN_NEURON_MARKERS	0.003536730049753995	0.0077642276873505665
LEIN_CHOROID_PLEXUS_MARKERS	0.005692664642039693	0.010759902002779062
GAVIN_FOXP3_TARGETS_CLUSTER_P2	0.003034732781387478	0.00718617903008327
GAVIN_FOXP3_TARGETS_CLUSTER_P7	0.004767303504370844	0.009547658445489967
RIGGINS_TAMOXIFEN_RESISTANCE_UP	0.002566066014975571	0.0064960770289021206
WANG_LSD1_TARGETS_UP	0.00042046434877891103	0.0027691519220361094
FOSTER_TOLERANT_MACROPHAGE_UP	0.012365210357341831	0.018864817464485692
FOSTER_TOLERANT_MACROPHAGE_DN	0.07547495849634059	0.08209727743537433
KYNG_DNA_DAMAGE_BY_UV	0.0017033036200268116	0.005231483267322995
KYNG_ENVIRONMENTAL_STRESS_RESPONSE_UP	0.0017905911495835311	0.005390958353924702
KONDO_COLON_CANCER_HCP_WITH_H3K27ME1	0.0004130156717988453	0.0027632715184637033
KANG_CISPLATIN_RESISTANCE_UP	0.00015048347731438515	0.0016706050928058343
HELLER_SILENCED_BY_METHYLATION_DN	0.006408442956916562	0.011832839218002985
HELLER_HDAC_TARGETS_DN	0.044724179722438674	0.05221950624101912
HELLER_HDAC_TARGETS_SILENCED_BY_METHYLATION_DN	0.03950540137033528	0.04723837355346474
OUILLETTE_CLL_13Q14_DELETION_UP	0.003511389258196496	0.0077642276873505665
IWANAGA_CARCINOGENESIS_BY_KRAS_DN	0.008310287820049271	0.013935402004508969
CAMPS_COLON_CANCER_COPY_NUMBER_DN	0.0029002013089033563	0.007025487653464165
RIZKI_TUMOR_INVASIVENESS_3D_UP	0.02232617880134924	0.02938823543108983
RIZKI_TUMOR_INVASIVENESS_3D_DN	0.029115801494778853	0.03641635112774269
MCCABE_BOUND_BY_HOXC6	0.0711813618934247	0.0779297247742299
ACEVEDO_NORMAL_TISSUE_ADJACENT_TO_LIVER_TUMOR_UP	0.01268310932652254	0.019195441943013467
ACEVEDO_NORMAL_TISSUE_ADJACENT_TO_LIVER_TUMOR_DN	0.04143675970150158	0.049060657905008194
MITSIADES_RESPONSE_TO_APLIDIN_UP	0.06740282065928567	0.07466567387093011
SMID_BREAST_CANCER_RELAPSE_IN_BRAIN_DN	0.005343761864468787	0.010238161935789063
SMID_BREAST_CANCER_RELAPSE_IN_BONE_UP	0.00697521020816809	0.01250429824783811
SMID_BREAST_CANCER_RELAPSE_IN_BONE_DN	0.04081916686322212	0.04846557417703697
SMID_BREAST_CANCER_RELAPSE_IN_LIVER_UP	1.6952576594946014e-05	0.00048496397930424624
SMID_BREAST_CANCER_LUMINAL_B_UP	0.017834715059081272	0.02485068561124878
SMID_BREAST_CANCER_ERBB2_UP	0.007572874040394627	0.013189943834819568
BONOME_OVARIAN_CANCER_SURVIVAL_OPTIMAL_DEBULKING	0.0299870489108458	0.03722987073909133
TOYOTA_TARGETS_OF_MIR34B_AND_MIR34C	0.0693625067070553	0.0762354539166201
ZHANG_BREAST_CANCER_PROGENITORS_DN	0.007767621744722999	0.013473467347328164
MATZUK_SPERMATOGONIA	0.00039434660575928194	0.0027027169809355663
CHUNG_BLISTER_CYTOTOXICITY_DN	0.001372010501214093	0.004589701795728097
WHITEFORD_PEDIATRIC_CANCER_MARKERS	0.005090132064685475	0.009932827154004294
NAKAMURA_METASTASIS_MODEL_DN	0.0010420047618145242	0.004011004631094265
BHATI_G2M_ARREST_BY_2METHOXYESTRADIOL_DN	0.006679300725825801	0.01221627654608652
BRUECKNER_TARGETS_OF_MIRLET7A3_UP	0.006831547060827222	0.012384933703822255
BRUECKNER_TARGETS_OF_MIRLET7A3_DN	0.003214691147128989	0.007344131807668667
LU_TUMOR_ENDOTHELIAL_MARKERS_DN	1.4131464425293208e-05	0.00048496397930424624
CHEN_HOXA5_TARGETS_9HR_UP	0.019056016733036005	0.02599388690283067
BREDEMEYER_RAG_SIGNALING_VIA_ATM_NOT_VIA_NFKB_UP	0.0015265761152335267	0.004941992231112236
QI_PLASMACYTOMA_UP	0.02599680241324051	0.03310468947788784
CHNG_MULTIPLE_MYELOMA_HYPERPLOID_UP	0.0010506476651024942	0.004025890825824557
BLUM_RESPONSE_TO_SALIRASIB_UP	0.021634956073481027	0.028766984179723194
WINTER_HYPOXIA_METAGENE	0.023509198954136057	0.03053660203133543
ALONSO_METASTASIS_EMT_UP	0.0006424290226309183	0.0032429201561548753
ALONSO_METASTASIS_UP	0.014579637664527497	0.02141225531567366
YAUCH_HEDGEHOG_SIGNALING_PARACRINE_UP	0.013464444508180129	0.020125047376588386
ZHOU_PANCREATIC_ENDOCRINE_PROGENITOR	5.9980654963156984e-05	0.0010992106985639421
WANG_TUMOR_INVASIVENESS_DN	0.018617018620669796	0.025518937719064452
GRESHOCK_CANCER_COPY_NUMBER_UP	0.053730366071565	0.0613749303500397
SASAI_TARGETS_OF_CXCR6_AND_PTCH1_DN	2.7425822414103496e-05	0.0006605705227168356
VART_KSHV_INFECTION_ANGIOGENIC_MARKERS_DN	0.007028521132961878	0.01250429824783811
MOOTHA_PGC	0.0564569177864046	0.06396933023378909
FERRARI_RESPONSE_TO_FENRETINIDE_UP	0.00021376474293092302	0.0019587356335953056
JU_AGING_TERC_TARGETS_DN	1.6764558953934564e-05	0.00048496397930424624
SEKI_INFLAMMATORY_RESPONSE_LPS_UP	0.002490378023564838	0.006458501529779681
YOSHIMURA_MAPK8_TARGETS_DN	0.05773334220927458	0.06524022450726336
RUTELLA_RESPONSE_TO_HGF_UP	0.0702233206666438	0.07698083136798534
RUTELLA_RESPONSE_TO_HGF_DN	0.03323147673388915	0.040718219312018245
VANTVEER_BREAST_CANCER_BRCA1_UP	0.0005958615809235369	0.0031880627016189185
SWEET_LUNG_CANCER_KRAS_DN	0.07657505050029112	0.08286619713959617
SWEET_KRAS_ONCOGENIC_SIGNATURE	0.0035353976767259457	0.0077642276873505665
HINATA_NFKB_TARGETS_FIBROBLAST_UP	0.003408468030197082	0.007581368204369762
HOFFMANN_IMMATURE_TO_MATURE_B_LYMPHOCYTE_DN	0.001234353752281708	0.004264591037596229
LEE_DIFFERENTIATING_T_LYMPHOCYTE	0.018197432148104056	0.025107095418742585
MELLMAN_TUT1_TARGETS_DN	0.0010911244683763117	0.004075319040831151
HSIAO_HOUSEKEEPING_GENES	0.0471561235345985	0.054680346822099775
MEISSNER_NPC_HCP_WITH_H3K27ME3	0.0030061754691241317	0.007142855941398972
MEISSNER_BRAIN_HCP_WITH_H3K27ME3	0.021450842529311655	0.02861243710792678
MILI_PSEUDOPODIA_CHEMOTAXIS_DN	0.06869608536863371	0.07570039211210225
ZHAN_V1_LATE_DIFFERENTIATION_GENES_DN	8.836054650056584e-05	0.0013301417982138752
JISON_SICKLE_CELL_DISEASE_DN	0.013305501463425615	0.019922802368859314
POOLA_INVASIVE_BREAST_CANCER_UP	0.035985280698579425	0.04364833327899634
CHEN_LIVER_METABOLISM_QTL_CIS	0.0026240772587503027	0.006601325997752292
BOYAULT_LIVER_CANCER_SUBCLASS_G6_UP	0.003352971340928128	0.007503321120128451
BOYAULT_LIVER_CANCER_SUBCLASS_G123_DN	0.0018558684887499957	0.005508792732451572
CHIANG_LIVER_CANCER_SUBCLASS_CTNNB1_UP	0.018168094571162634	0.025107095418742585
CHIANG_LIVER_CANCER_SUBCLASS_UNANNOTATED_UP	0.004492019941136525	0.009168941429486904
HOSHIDA_LIVER_CANCER_LATE_RECURRENCE_DN	0.0023615111837689	0.006290290838488309
YAMASHITA_LIVER_CANCER_STEM_CELL_DN	0.0025358427359921817	0.006486180096404767
YAGI_AML_WITH_INV_16_TRANSLOCATION	0.07439717249571272	0.08113430325211621
YAGI_AML_WITH_11Q23_REARRANGED	0.05235403505004073	0.06004687285331202
MIKKELSEN_MCV6_HCP_WITH_H3K27ME3	0.09175071219165791	0.09765890199187831
MIKKELSEN_MCV6_ICP_WITH_H3K27ME3	0.003099362591674534	0.007275023976376446
MIKKELSEN_MCV6_LCP_WITH_H3K4ME3	0.009687841694578286	0.015615393018220831
MIKKELSEN_MEF_ICP_WITH_H3K27ME3	0.018057278157650927	0.02504289322386953
MIKKELSEN_MEF_LCP_WITH_H3K27ME3	0.002300451617660484	0.006240046544343359
MIKKELSEN_IPS_LCP_WITH_H3K4ME3	0.011398906768032896	0.01776206729288675
ONO_AML1_TARGETS_DN	0.0006034091603097792	0.0031992070574914707
ONO_FOXP3_TARGETS_DN	0.000725448567618141	0.003386273912299304
FONTAINE_PAPILLARY_THYROID_CARCINOMA_DN	0.004028177734474664	0.008468214040304593
CAIRO_HEPATOBLASTOMA_DN	0.029183410854341795	0.03644683755586686
CAIRO_LIVER_DEVELOPMENT_UP	0.014299395886290239	0.021074109671578096
WINNEPENNINCKX_MELANOMA_METASTASIS_UP	0.010061148271312274	0.01612461595573431
UZONYI_RESPONSE_TO_LEUKOTRIENE_AND_THROMBIN	0.0005020877515740955	0.0030001176410321983
KYNG_WERNER_SYNDROM_AND_NORMAL_AGING_UP	0.0032767997555646564	0.007425651058981197
CHIARETTI_T_ALL_REFRACTORY_TO_THERAPY	0.0004651054343980598	0.002898544391341502
DANG_REGULATED_BY_MYC_UP	0.002100838775596755	0.005903356959426882
DANG_MYC_TARGETS_UP	0.005954871686824677	0.011180304748314482
NAKAYAMA_SOFT_TISSUE_TUMORS_PCA2_DN	0.0029210321451634833	0.0070556736343060636
CHANDRAN_METASTASIS_DN	0.056067234829619984	0.06369902824982432
MIKKELSEN_ES_LCP_WITH_H3K4ME3	0.00731117382642236	0.012813554128220477
MIKKELSEN_MEF_HCP_WITH_H3_UNMETHYLATED	0.026293450607386866	0.033381594671727605
YAO_TEMPORAL_RESPONSE_TO_PROGESTERONE_CLUSTER_0	0.003253514887757082	0.007392757548191968
YAO_TEMPORAL_RESPONSE_TO_PROGESTERONE_CLUSTER_2	0.0015698137749685967	0.004975011324430552
YAO_TEMPORAL_RESPONSE_TO_PROGESTERONE_CLUSTER_9	0.0026896634745899994	0.006707240704193784
YAO_TEMPORAL_RESPONSE_TO_PROGESTERONE_CLUSTER_12	0.002723452441278854	0.0067525600235237475
MOOTHA_GLYCOLYSIS	0.0001395705112027419	0.001654366761880356
KYNG_RESPONSE_TO_H2O2_VIA_ERCC6_DN	0.0010557084934756592	0.004026978552036112
SASSON_RESPONSE_TO_GONADOTROPHINS_UP	0.0031622389349668413	0.0072903582006803224
SASSON_RESPONSE_TO_FORSKOLIN_UP	0.0031800785976971854	0.007304649203974734
BROWNE_HCMV_INFECTION_30MIN_DN	0.012719216535181328	0.019215590571967492
BROWNE_HCMV_INFECTION_1HR_DN	0.02116396385633977	0.02840958842499113
WHITFIELD_CELL_CYCLE_G2_M	0.01594751245633912	0.02278602203507437
LI_INDUCED_T_TO_NATURAL_KILLER_UP	0.03169803460022817	0.03912363567788045
NOUSHMEHR_GBM_GERMLINE_MUTATED	3.869791747000254e-05	0.0008364703699285164
KIM_BIPOLAR_DISORDER_OLIGODENDROCYTE_DENSITY_CORR_DN	0.0037821461288848612	0.00815434574590777
KIM_ALL_DISORDERS_DURATION_CORR_DN	0.007408543094198336	0.012957265204168459
QI_HYPOXIA_TARGETS_OF_HIF1A_AND_FOXA2	0.00046480599490561215	0.002898544391341502
DUTERTRE_ESTRADIOL_RESPONSE_6HR_UP	0.025373905828746705	0.03242747710395966
WANG_CLASSIC_ADIPOGENIC_TARGETS_OF_PPARG	0.0004165781425783448	0.002765160426720824
OHGUCHI_LIVER_HNF4A_TARGETS_DN	0.010346619301847942	0.01642598883513713
GABRIELY_MIR21_TARGETS	0.04608633106489229	0.05366129432003342
CHYLA_CBFA2T3_TARGETS_DN	0.02529551693204483	0.032407478379504244
CARD_MIR302A_TARGETS	0.003359015147021978	0.007503321120128451
WIERENGA_STAT5A_TARGETS_DN	0.018143709318215687	0.025107095418742585
ACOSTA_PROLIFERATION_INDEPENDENT_MYC_TARGETS_UP	0.002937296572304752	0.007074688601294016
BHAT_ESR1_TARGETS_NOT_VIA_AKT1_DN	0.006393655454602161	0.011832839218002985
BHAT_ESR1_TARGETS_VIA_AKT1_DN	0.004831167752254003	0.009650887239692237
JOHNSTONE_PARVB_TARGETS_2_UP	0.00965591504064417	0.01559374785299432
JOHNSTONE_PARVB_TARGETS_2_DN	0.05262124194233064	0.060271340974707516
JOHNSTONE_PARVB_TARGETS_3_UP	0.06989296865156672	0.07671845387144628
BRUINS_UVC_RESPONSE_VIA_TP53_GROUP_C	0.005046715141850472	0.009900085257291346
BRUINS_UVC_RESPONSE_VIA_TP53_GROUP_D	0.03648927251660872	0.04419605852227177
STEGER_ADIPOGENESIS_UP	0.00024031448729869726	0.0020463142706343617
KASLER_HDAC7_TARGETS_1_UP	0.014876491605739669	0.021697028414599553
BILANGES_RAPAMYCIN_SENSITIVE_VIA_TSC1_AND_TSC2	0.001599934907631121	0.004997629113685782
WINZEN_DEGRADED_VIA_KHSRP	0.004642969894935686	0.009454163336789332
PURBEY_TARGETS_OF_CTBP1_AND_SATB1_UP	0.002346804532002063	0.006290290838488309
PURBEY_TARGETS_OF_CTBP1_NOT_SATB1_DN	0.06803410070169347	0.07526607203612545
SERVITJA_ISLET_HNF1A_TARGETS_DN	0.005182831570938894	0.010036362415007324
SERVITJA_LIVER_HNF1A_TARGETS_DN	0.01543465735437902	0.02227982217421492
YANG_BCL3_TARGETS_UP	0.04079761559682923	0.04846557417703697
PLASARI_TGFB1_SIGNALING_VIA_NFIC_1HR_DN	0.007229478316371174	0.01272327812254885
WANG_MLL_TARGETS	0.04219114944850606	0.04988378539283396
KANG_GLIS3_TARGETS	0.0004813903351970217	0.0029621317705918926
DELACROIX_RAR_BOUND_ES	0.0665273553257758	0.07379284281530132
TIAN_BHLHA15_TARGETS	0.00012565285843843185	0.0016031662240164407
FORTSCHEGGER_PHF8_TARGETS_UP	0.02994831795456482	0.03722987073909133
PEDRIOLI_MIR31_TARGETS_DN	0.08150338520818368	0.08741393604389165
PHONG_TNF_RESPONSE_NOT_VIA_P38	0.05528022196326669	0.0629746312365322
RATTENBACHER_BOUND_BY_CELF1	0.07591508666241474	0.08236347240207932
RAO_BOUND_BY_SALL4	0.025540454752524668	0.03257277361025461
VANOEVELEN_MYOGENESIS_SIN3A_TARGETS	0.022338201923053306	0.02938823543108983
PECE_MAMMARY_STEM_CELL_UP	0.005641432083874648	0.010687027520688378
MIZUSHIMA_AUTOPHAGOSOME_FORMATION	0.00022114436295694176	0.001983241467794701
HOLLEMAN_ASPARAGINASE_RESISTANCE_B_ALL_UP	0.0003062637321573792	0.0024030553351441306
HOLLEMAN_ASPARAGINASE_RESISTANCE_ALL_UP	0.0003511616921410658	0.002530165012606141
DURAND_STROMA_S_UP	0.05014028892187109	0.057743529455105636
DURAND_STROMA_NS_UP	0.018295184488012022	0.02515960933669516
SMIRNOV_RESPONSE_TO_IR_6HR_UP	0.011721023320994058	0.018129949834124755
WARTERS_RESPONSE_TO_IR_SKIN	0.003165208898516012	0.0072903582006803224
WARTERS_IR_RESPONSE_5GY	0.0007835736374646756	0.003408131001750098
NABA_ECM_GLYCOPROTEINS	0.02438462397964318	0.03143155659761346
NABA_ECM_REGULATORS	0.01996315798564094	0.027012748285546246
NABA_SECRETED_FACTORS	0.02700047466074423	0.034176276484996077
NABA_CORE_MATRISOME	0.04393962080033053	0.05158927623214295
EPPERT_LSC_R	0.000795441546440528	0.0034151026481894415
QUINTENS_EMBRYONIC_BRAIN_RESPONSE_TO_IR	0.003007964245784858	0.007142855941398972
OISHI_CHOLANGIOMA_STEM_CELL_LIKE_UP	0.040494991897874734	0.048284693309629985
OISHI_CHOLANGIOMA_STEM_CELL_LIKE_DN	0.03518270687388096	0.04292188407334537
KIM_LIVER_CANCER_POOR_SURVIVAL_DN	0.001097113972221566	0.004075319040831151
HOLLERN_EMT_BREAST_TUMOR_UP	0.008861230879683872	0.014618429807384549
HOLLERN_MICROACINAR_BREAST_TUMOR_UP	0.0011375539805359447	0.004116538267187846
HOLLERN_SOLID_NODULAR_BREAST_TUMOR_UP	7.828924204431735e-05	0.0012452420951577269
FLORIO_NEOCORTEX_BASAL_RADIAL_GLIA_UP	0.07215446206044482	0.07889262194157584
BIOCARTA_LYMPHOCYTE_PATHWAY	3.289498544416747e-05	0.0007297492823535047
BIOCARTA_NEUTROPHIL_PATHWAY	2.0255832793058206e-05	0.0005264109670138338
BIOCARTA_FXR_PATHWAY	3.0719423748642724e-05	0.0006999047086515085
REACTOME_INTRINSIC_PATHWAY_OF_FIBRIN_CLOT_FORMATION	0.0001915133450951264	0.0018346107944908132
REACTOME_THE_CITRIC_ACID_TCA_CYCLE_AND_RESPIRATORY_ELECTRON_TRANSPORT	0.008191035746436431	0.013868771582755415
REACTOME_ACTIVATION_OF_MATRIX_METALLOPROTEINASES	0.000501750948530354	0.0030001176410321983
REACTOME_RESPIRATORY_ELECTRON_TRANSPORT_ATP_SYNTHESIS_BY_CHEMIOSMOTIC_COUPLING_AND_HEAT_PRODUCTION_BY_UNCOUPLING_PROTEINS	0.0033573249611255945	0.007503321120128451
REACTOME_MACROAUTOPHAGY	0.003523550038053992	0.0077642276873505665
REACTOME_INFLUENZA_INFECTION	0.008259323381644503	0.013925219221452631
REACTOME_TOLL_LIKE_RECEPTOR_CASCADES	0.009867409250816613	0.01584423999702553
REACTOME_PLASMA_LIPOPROTEIN_ASSEMBLY_REMODELING_AND_CLEARANCE	0.002631133493766038	0.006601325997752292
REACTOME_VITAMIN_B1_THIAMIN_METABOLISM	1.6112369678704184e-05	0.00048496397930424624
REACTOME_METABOLISM_OF_WATER_SOLUBLE_VITAMINS_AND_COFACTORS	0.00697521020816809	0.01250429824783811
REACTOME_COPII_MEDIATED_VESICLE_TRANSPORT	0.0021641610040145105	0.006001275415737607
REACTOME_REGULATION_OF_GENE_EXPRESSION_IN_LATE_STAGE_BRANCHING_MORPHOGENESIS_PANCREATIC_BUD_PRECURSOR_CELLS	0.0002082692171055139	0.0019346462989249969
REACTOME_REGULATION_OF_GENE_EXPRESSION_IN_ENDOCRINE_COMMITTED_NEUROG3PLUS_PROGENITOR_CELLS	7.191507558542313e-06	0.00031907583536058793
REACTOME_PHASE_I_FUNCTIONALIZATION_OF_COMPOUNDS	0.003138715824910402	0.0072903582006803224
REACTOME_SELENOAMINO_ACID_METABOLISM	0.004408549329534968	0.009042353004374643
REACTOME_DISEASES_ASSOCIATED_WITH_VISUAL_TRANSDUCTION	5.133049219839187e-05	0.0010530695871678176
REACTOME_NOTCH2_ACTIVATION_AND_TRANSMISSION_OF_SIGNAL_TO_THE_NUCLEUS	0.0001862625521142089	0.001804819901520438
REACTOME_SUMOYLATION	0.014850673971640891	0.021696911885776902
REACTOME_GRB2:SOS_PROVIDES_LINKAGE_TO_MAPK_SIGNALING_FOR_INTEGRINS	0.00011830431435116733	0.0015830243967941914
REACTOME_SIGNALING_BY_ROBO_RECEPTORS	0.01941969790968721	0.026362005374986022
REACTOME_DISEASES_OF_GLYCOSYLATION	0.013080617266547032	0.01962092589982055
REACTOME_TACHYKININ_RECEPTORS_BIND_TACHYKININS	1.72585046015746e-05	0.00048496397930424624
REACTOME_CENTROSOME_MATURATION	0.0032082632654528345	0.007344131807668667
REACTOME_MUSCARINIC_ACETYLCHOLINE_RECEPTORS	2.601902041740025e-05	0.0006451186532902473
REACTOME_DISEASES_ASSOCIATED_WITH_O_GLYCOSYLATION_OF_PROTEINS	0.003924937471868585	0.008334313069987952
REACTOME_SUMOYLATION_OF_INTRACELLULAR_RECEPTORS	0.0007777847004585897	0.003408131001750098
REACTOME_OTHER_INTERLEUKIN_SIGNALING	0.03825734665735362	0.045876163914863585
REACTOME_O_LINKED_GLYCOSYLATION	0.00958457349776546	0.01553792467393103
REACTOME_O_GLYCOSYLATION_OF_TSR_DOMAIN_CONTAINING_PROTEINS	0.001938234198328466	0.0056342463075548166
REACTOME_REGULATION_OF_TNFR1_SIGNALING	0.0003459206934291187	0.0025138891772478198
REACTOME_CARDIAC_CONDUCTION	0.013732340107021549	0.020452937650563895
REACTOME_ION_HOMEOSTASIS	0.002151687135024812	0.005986377078633387
REACTOME_SLC_TRANSPORTER_DISORDERS	0.00499061215414683	0.009899025990460653
REACTOME_DISORDERS_OF_TRANSMEMBRANE_TRANSPORTERS	0.012669400645328757	0.019195441943013467
REACTOME_TP53_REGULATES_METABOLIC_GENES	0.0028323776157305565	0.006900850664915778
REACTOME_DISEASES_OF_SIGNAL_TRANSDUCTION	0.06373281601536272	0.07116127669000102
REACTOME_INFECTIOUS_DISEASE	0.047028150649897134	0.05460706749016982
REACTOME_MAP2K_AND_MAPK_ACTIVATION	0.000831733288892559	0.0034721528822873097
REACTOME_MAPK_FAMILY_SIGNALING_CASCADES	0.04111302797048922	0.04874582641226781
REACTOME_REGULATION_OF_TLR_BY_ENDOGENOUS_LIGAND	0.00011483743663479497	0.0015614186948892284
REACTOME_DEUBIQUITINATION	0.021240393013546324	0.02846685422960183
REACTOME_UB_SPECIFIC_PROCESSING_PROTEASES	0.009756753229109922	0.01569645605370165
REACTOME_CARGO_CONCENTRATION_IN_THE_ER	0.00043938430051074765	0.0028060679191709115
REACTOME_DNA_DAMAGE_RECOGNITION_IN_GG_NER	0.0005422585066599557	0.0031242040684263846
REACTOME_GLOBAL_GENOME_NUCLEOTIDE_EXCISION_REPAIR_GG_NER	0.002995638157624919	0.007142855941398972
REACTOME_DUAL_INCISION_IN_GG_NER	0.0007346614557451513	0.003386273912299304
REACTOME_TP53_REGULATES_TRANSCRIPTION_OF_DNA_REPAIR_GENES	0.0015106676205474982	0.004916960633673903
REACTOME_SIGNALING_BY_MODERATE_KINASE_ACTIVITY_BRAF_MUTANTS	0.001077687539560716	0.004073948860312482
REACTOME_SIGNALING_BY_RAS_MUTANTS	0.0018362888409199712	0.00546993460387115
REACTOME_SIGNALING_BY_BRAF_AND_RAF_FUSIONS	0.0023942087765489125	0.006327015669688819
REACTOME_ONCOGENIC_MAPK_SIGNALING	0.003627215070714707	0.007901142905975447
REACTOME_METABOLISM_OF_FAT_SOLUBLE_VITAMINS	0.001446450587251863	0.0047876801452627375
REACTOME_COPI_MEDIATED_ANTEROGRADE_TRANSPORT	0.004667849812133035	0.009473624415965066
REACTOME_M_PHASE	0.04318536499990701	0.05084533895938772
REACTOME_RRNA_PROCESSING	0.012379127500283827	0.018864817464485692
REACTOME_EUKARYOTIC_TRANSLATION_INITIATION	0.004458141918247153	0.009121877759908617
REACTOME_DEATH_RECEPTOR_SIGNALLING	0.010309997772978951	0.01639873230683256
REACTOME_TNF_SIGNALING	0.0006621351760252725	0.00330283996088346
REACTOME_CLATHRIN_MEDIATED_ENDOCYTOSIS	0.010522536072622712	0.016611419305657203
REACTOME_VLDLR_INTERNALISATION_AND_DEGRADATION	8.191043728744347e-05	0.0012787129376539785
REACTOME_RRNA_PROCESSING_IN_THE_NUCLEUS_AND_CYTOSOL	0.011442395130415315	0.017779121020820566
REACTOME_RAB_GEFS_EXCHANGE_GTP_FOR_GDP_ON_RABS	0.004720545262693133	0.009497421614439885
REACTOME_NEDDYLATION	0.019359650368483392	0.026330326948844667
REACTOME_CELLULAR_RESPONSES_TO_EXTERNAL_STIMULI	0.06910588478140653	0.07605255988345391
REACTOME_PLASMA_LIPOPROTEIN_CLEARANCE	0.0005908557110697346	0.0031880627016189185
REACTOME_INTEGRIN_SIGNALING	0.0004058891643850311	0.0027373165246126494
REACTOME_RAB_REGULATION_OF_TRAFFICKING	0.007682935505910334	0.013354050786561673
REACTOME_REGULATION_OF_EXPRESSION_OF_SLITS_AND_ROBOS	0.00960291667273792	0.01553792467393103
REACTOME_NONSENSE_MEDIATED_DECAY_NMD	0.004077848938114487	0.008551310086643067
REACTOME_AUTOPHAGY	0.005190811403254085	0.010036362415007324
REACTOME_NONSENSE_MEDIATED_DECAY_NMD_INDEPENDENT_OF_THE_EXON_JUNCTION_COMPLEX_EJC	0.0026511365945136745	0.006631774923368035
